date,prec,tmean,tmax,tmin,qt
2003-10-01,0.00,2.05,3.30,0.80,0.07500
2003-10-02,0.40,-0.55,2.20,-3.30,0.07431
2003-10-03,1.00,-4.10,0.30,-8.50,0.07083
2003-10-04,9.00,-3.70,1.10,-8.50,0.07639
2003-10-05,1.20,-2.15,1.60,-5.90,0.08681
2003-10-06,1.80,-4.35,-1.70,-7.00,0.08264
2003-10-07,0.60,-7.05,-3.50,-10.60,0.08333
2003-10-08,0.00,-1.15,2.30,-4.60,0.08160
2003-10-09,1.60,2.25,3.50,1.00,0.07917
2003-10-10,0.00,0.55,4.20,-3.10,0.07500
2003-10-11,0.40,-0.10,3.60,-3.80,0.07292
2003-10-12,0.00,4.05,9.40,-1.30,0.07465
2003-10-13,0.00,11.10,12.80,9.40,0.07500
2003-10-14,0.00,10.20,12.20,8.20,0.07431
2003-10-15,0.00,7.30,10.30,4.30,0.07292
2003-10-16,0.00,7.25,10.30,4.20,0.07396
2003-10-17,0.20,7.75,11.20,4.30,0.07500
2003-10-18,0.20,4.95,6.80,3.10,0.07500
2003-10-19,3.80,2.95,6.10,-0.20,0.08229
2003-10-20,0.20,1.55,6.80,-3.70,0.08507
2003-10-21,0.00,2.70,5.50,-0.10,0.08507
2003-10-22,9.20,3.05,5.10,1.00,0.09097
2003-10-23,1.80,2.95,7.00,-1.10,0.12674
2003-10-24,0.20,10.35,13.70,7.00,0.12431
2003-10-25,3.40,8.15,10.90,5.40,0.11319
2003-10-26,0.00,11.50,17.70,5.30,0.11597
2003-10-27,0.00,8.10,13.10,3.10,0.11250
2003-10-28,0.80,4.05,5.40,2.70,0.10486
2003-10-29,0.00,1.65,4.10,-0.80,0.10208
2003-10-30,0.60,-1.30,-0.10,-2.50,0.09549
2003-10-31,2.60,0.05,2.90,-2.80,0.09479
2003-11-01,2.40,1.85,4.70,-1.00,0.11354
2003-11-02,1.60,1.15,3.80,-1.50,0.14097
2003-11-03,0.40,0.40,1.40,-0.60,0.12535
2003-11-04,2.40,-0.40,0.80,-1.60,0.11146
2003-11-05,0.40,-1.40,3.50,-6.30,0.12708
2003-11-06,0.20,1.45,7.80,-4.90,0.11528
2003-11-07,0.00,3.80,9.00,-1.40,0.10938
2003-11-08,1.80,7.00,10.20,3.80,0.10278
2003-11-09,17.20,1.75,7.20,-3.70,0.26875
2003-11-10,0.00,-0.15,5.50,-5.80,0.20000
2003-11-11,8.40,4.30,9.90,-1.30,0.13889
2003-11-12,5.20,4.25,9.10,-0.60,0.48958
2003-11-13,0.40,0.45,4.50,-3.60,0.24306
2003-11-14,12.00,-0.85,6.30,-8.00,0.28819
2003-11-15,1.80,1.80,8.10,-4.50,0.46007
2003-11-16,0.20,-0.10,3.60,-3.80,0.25625
2003-11-17,0.20,1.85,8.20,-4.50,0.18715
2003-11-18,0.40,1.10,4.10,-1.90,0.15833
2003-11-19,4.00,2.75,3.70,1.80,0.16528
2003-11-20,0.80,3.00,5.70,0.30,0.16597
2003-11-21,0.00,2.00,8.50,-4.50,0.15139
2003-11-22,0.60,0.30,4.80,-4.20,0.13507
2003-11-23,0.20,6.10,8.60,3.60,0.12813
2003-11-24,0.40,4.55,11.10,-2.00,0.16285
2003-11-25,4.00,4.00,10.20,-2.20,0.17917
2003-11-26,5.60,5.10,8.00,2.20,0.38125
2003-11-27,0.20,1.65,6.80,-3.50,0.28160
2003-11-28,5.00,7.50,9.70,5.30,0.21181
2003-11-29,17.40,6.45,9.70,3.20,1.22813
2003-11-30,0.00,4.35,10.40,-1.70,0.78958
2003-12-01,1.00,3.05,9.80,-3.70,0.34653
2003-12-02,3.00,7.80,10.10,5.50,0.32604
2003-12-03,0.00,6.80,9.90,3.70,0.30660
2003-12-04,0.20,4.30,10.10,-1.50,0.23160
2003-12-05,0.00,6.10,7.80,4.40,0.21458
2003-12-06,0.00,5.65,9.00,2.30,0.19097
2003-12-07,0.00,8.30,12.50,4.10,0.14896
2003-12-08,0.00,8.15,9.70,6.60,0.16181
2003-12-09,0.40,7.70,11.50,3.90,0.18889
2003-12-10,0.80,2.05,6.00,-1.90,0.19410
2003-12-11,0.00,2.85,9.80,-4.10,0.16458
2003-12-12,3.00,4.70,9.00,0.40,0.15139
2003-12-13,0.60,3.25,9.70,-3.20,0.18854
2003-12-14,2.40,4.55,13.20,-4.10,0.16493
2003-12-15,0.00,4.00,12.20,-4.20,0.13785
2003-12-16,1.40,3.35,14.60,-7.90,0.15278
2003-12-17,0.00,6.05,15.90,-3.80,0.16701
2003-12-18,0.00,4.20,12.80,-4.40,0.15069
2003-12-19,0.00,8.45,15.10,1.80,0.13854
2003-12-20,16.60,7.85,14.60,1.10,0.13194
2003-12-21,5.00,6.70,16.20,-2.80,0.29097
2003-12-22,1.40,8.75,18.30,-0.80,0.23750
2003-12-23,4.40,7.30,14.10,0.50,1.09097
2003-12-24,1.60,5.65,13.20,-1.90,2.07153
2003-12-25,3.20,7.55,13.60,1.50,0.90313
2003-12-26,0.80,8.10,17.50,-1.30,0.59132
2003-12-27,2.60,8.10,13.70,2.50,0.53056
2003-12-28,8.60,5.50,9.90,1.10,0.47188
2003-12-29,0.20,5.80,14.20,-2.60,0.37014
2003-12-30,0.00,6.70,9.60,3.80,0.60903
2003-12-31,0.00,5.50,8.30,2.70,0.90000
2004-01-01,10.80,9.50,14.40,4.60,0.43264
2004-01-02,0.20,8.15,14.00,2.30,0.73889
2004-01-03,0.40,7.70,13.70,1.70,0.74618
2004-01-04,0.60,7.45,10.40,4.50,1.06250
2004-01-05,0.40,6.10,13.00,-0.80,1.35104
2004-01-06,0.20,5.30,12.80,-2.20,1.37778
2004-01-07,3.20,3.35,9.60,-2.90,0.79792
2004-01-08,28.40,3.85,13.30,-5.60,4.37153
2004-01-09,0.00,7.65,10.40,4.90,2.30764
2004-01-10,6.40,6.40,12.60,0.20,0.97500
2004-01-11,10.00,4.15,11.30,-3.00,1.71667
2004-01-12,0.20,10.10,13.30,6.90,0.88715
2004-01-13,0.20,11.45,19.80,3.10,0.65069
2004-01-14,0.00,11.65,22.30,1.00,0.52292
2004-01-15,0.20,10.15,21.00,-0.70,0.45243
2004-01-16,1.40,9.80,20.10,-0.50,0.42014
2004-01-17,1.00,5.10,12.60,-2.40,0.39792
2004-01-18,6.00,8.70,13.70,3.70,0.52292
2004-01-19,5.20,4.35,9.30,-0.60,0.80833
2004-01-20,7.20,7.90,14.40,1.40,0.89653
2004-01-21,0.00,7.95,14.90,1.00,0.76632
2004-01-22,0.40,5.50,8.10,2.90,0.54965
2004-01-23,0.80,8.90,12.50,5.30,0.46701
2004-01-24,0.00,8.75,13.90,3.60,0.42118
2004-01-25,0.00,10.75,15.40,6.10,0.36215
2004-01-26,1.00,6.20,10.10,2.30,0.33576
2004-01-27,0.00,7.35,13.90,0.80,0.29931
2004-01-28,0.00,4.55,8.30,0.80,0.30556
2004-01-29,0.20,6.30,7.90,4.70,0.52292
2004-01-30,0.80,6.05,7.20,4.90,0.34896
2004-01-31,0.00,9.15,13.60,4.70,0.37188
2004-02-01,4.40,10.00,13.80,6.20,0.39514
2004-02-02,1.20,9.50,13.80,5.20,1.79688
2004-02-03,5.40,9.65,14.00,5.30,1.57778
2004-02-04,1.00,9.20,13.40,5.00,0.86285
2004-02-05,2.40,7.40,13.20,1.60,0.58438
2004-02-06,6.20,6.30,11.90,0.70,0.82847
2004-02-07,0.40,7.70,14.30,1.10,0.59271
2004-02-08,1.80,9.60,13.70,5.50,0.44722
2004-02-09,0.60,6.75,12.70,0.80,0.41424
2004-02-10,3.00,5.75,11.20,0.30,1.13889
2004-02-11,0.00,5.55,11.10,0.00,0.66285
2004-02-12,0.00,5.15,10.60,-0.30,0.48299
2004-02-13,1.40,5.95,8.80,3.10,0.43993
2004-02-14,0.00,10.70,13.80,7.60,0.43854
2004-02-15,0.00,10.90,15.10,6.70,0.39236
2004-02-16,0.40,8.45,13.60,3.30,0.36354
2004-02-17,0.00,10.75,15.60,5.90,0.33403
2004-02-18,0.00,10.45,14.70,6.20,0.29826
2004-02-19,0.20,11.90,17.40,6.40,0.29653
2004-02-20,0.20,10.75,15.00,6.50,0.36146
2004-02-21,0.00,10.20,14.10,6.30,0.25486
2004-02-22,0.20,10.15,14.20,6.10,0.23576
2004-02-23,0.60,11.00,15.50,6.50,0.24479
2004-02-24,0.80,10.20,17.60,2.80,0.27083
2004-02-25,0.00,14.20,17.00,11.40,0.31181
2004-02-26,0.20,14.55,19.50,9.60,0.28229
2004-02-27,0.00,14.05,19.80,8.30,0.30382
2004-02-28,0.00,14.70,22.40,7.00,0.41215
2004-02-29,0.00,14.65,20.40,8.90,0.32049
2004-03-01,0.20,14.75,19.50,10.00,0.30972
2004-03-02,0.00,11.00,17.00,5.00,0.28229
2004-03-03,0.20,13.80,19.00,8.60,0.40868
2004-03-04,0.00,11.10,17.40,4.80,0.85972
2004-03-05,0.20,14.25,19.90,8.60,0.77569
2004-03-06,4.20,12.30,19.10,5.50,0.71181
2004-03-07,3.00,11.35,15.20,7.50,0.86840
2004-03-08,0.00,13.50,19.00,8.00,0.58299
2004-03-09,0.20,13.00,18.00,8.00,0.41424
2004-03-10,0.20,13.40,18.90,7.90,0.36771
2004-03-11,3.40,13.50,17.70,9.30,0.36840
2004-03-12,2.40,13.20,17.80,8.60,0.39618
2004-03-13,0.40,13.25,19.50,7.00,0.56181
2004-03-14,9.40,14.30,18.40,10.20,0.95208
2004-03-15,0.60,14.05,21.00,7.10,1.24583
2004-03-16,3.00,14.50,18.30,10.70,0.56597
2004-03-17,2.40,14.35,20.30,8.40,0.56632
2004-03-18,2.20,13.50,17.20,9.80,0.44861
2004-03-19,5.20,13.00,16.20,9.80,0.62708
2004-03-20,5.80,13.85,16.60,11.10,0.82361
2004-03-21,0.80,11.40,13.80,9.00,0.67292
2004-03-22,2.80,12.95,16.90,9.00,0.44063
2004-03-23,2.20,13.65,19.10,8.20,0.41319
2004-03-24,1.00,13.55,21.80,5.30,0.39583
2004-03-25,1.40,15.95,19.60,12.30,0.37014
2004-03-26,2.20,14.00,15.70,12.30,0.40347
2004-03-27,1.20,14.60,20.20,9.00,0.36181
2004-03-28,0.20,13.05,18.70,7.40,0.35556
2004-03-29,0.00,14.10,16.80,11.40,0.29965
2004-03-30,0.00,14.30,16.50,12.10,0.27465
2004-03-31,0.00,14.85,17.80,11.90,0.25104
2004-04-01,5.40,15.30,19.10,11.50,0.24896
2004-04-02,15.60,15.95,21.20,10.70,1.21667
2004-04-03,8.20,13.15,15.20,11.10,1.91944
2004-04-04,0.00,14.45,18.10,10.80,0.90625
2004-04-05,0.80,14.95,18.70,11.20,0.53611
2004-04-06,1.80,13.90,19.40,8.40,0.45729
2004-04-07,2.20,15.70,23.30,8.10,0.46181
2004-04-08,2.00,17.40,22.50,12.30,0.40382
2004-04-09,0.00,15.95,20.00,11.90,0.40313
2004-04-10,0.40,13.90,20.40,7.40,0.35972
2004-04-11,5.40,15.00,24.50,5.50,0.32917
2004-04-12,4.20,16.35,24.10,8.60,0.52847
2004-04-13,0.00,15.85,24.90,6.80,0.45590
2004-04-14,0.00,19.65,26.10,13.20,0.34410
2004-04-15,4.00,19.85,23.50,16.20,0.40486
2004-04-16,1.22,17.50,19.10,15.90,0.41111
2004-04-17,3.08,17.05,22.90,11.20,0.41458
2004-04-18,9.46,15.15,20.50,9.80,0.74618
2004-04-19,8.58,14.65,19.80,9.50,2.07431
2004-04-20,0.44,16.30,21.40,11.20,0.64826
2004-04-21,4.40,13.10,17.40,8.80,0.86181
2004-04-22,0.00,18.10,21.70,14.50,0.50590
2004-04-23,3.52,17.50,21.40,13.60,0.39410
2004-04-24,0.00,13.80,19.00,8.60,0.38021
2004-04-25,0.00,12.95,20.40,5.50,0.33542
2004-04-26,3.96,12.85,20.90,4.80,0.30174
2004-04-27,9.68,16.45,20.30,12.60,0.65313
2004-04-28,4.18,15.60,18.50,12.70,0.44097
2004-04-29,9.46,15.85,19.00,12.70,0.50208
2004-04-30,5.06,15.40,20.20,10.60,1.18576
2004-05-01,0.00,12.75,18.80,6.70,0.65799
2004-05-02,0.00,12.55,20.20,4.90,0.42847
2004-05-03,0.22,17.00,25.10,8.90,0.35833
2004-05-04,15.62,15.35,22.70,8.00,1.20729
2004-05-05,5.06,19.80,27.10,12.50,1.17708
2004-05-06,5.50,19.85,29.00,10.70,1.56840
2004-05-07,0.22,18.90,28.10,9.70,0.65729
2004-05-08,2.20,18.55,28.90,8.20,0.54653
2004-05-09,2.86,16.55,19.90,13.20,0.56771
2004-05-10,0.00,16.15,22.60,9.70,0.47014
2004-05-11,0.20,16.30,21.80,10.80,0.38785
2004-05-12,0.00,15.10,19.10,11.10,0.33958
2004-05-13,1.60,13.70,19.60,7.80,0.30104
2004-05-14,0.20,12.10,18.70,5.50,0.32708
2004-05-15,0.00,13.80,23.10,4.50,0.27326
2004-05-16,0.00,13.65,20.60,6.70,0.22153
2004-05-17,0.00,17.40,20.70,14.10,0.19931
2004-05-18,0.00,15.05,20.80,9.30,0.18333
2004-05-19,0.80,14.80,22.20,7.40,0.17708
2004-05-20,10.40,15.75,19.10,12.40,0.20000
2004-05-21,1.20,16.45,20.80,12.10,0.37326
2004-05-22,0.20,15.05,23.30,6.80,0.22882
2004-05-23,0.00,13.10,21.10,5.10,0.18160
2004-05-24,0.60,13.80,17.90,9.70,0.15729
2004-05-25,0.00,12.55,17.70,7.40,0.15521
2004-05-26,0.00,10.40,16.40,4.40,0.13750
2004-05-27,0.00,10.60,15.00,6.20,0.13160
2004-05-28,0.00,11.15,14.90,7.40,0.12014
2004-05-29,3.80,9.70,13.60,5.80,0.12604
2004-05-30,0.00,10.55,13.80,7.30,0.15764
2004-05-31,0.00,12.10,17.60,6.60,0.12951
2004-06-01,7.20,14.20,17.80,10.60,0.15938
2004-06-02,1.00,14.10,21.60,6.60,0.19063
2004-06-03,4.00,13.75,21.80,5.70,0.18715
2004-06-04,0.00,12.60,20.50,4.70,0.14444
2004-06-05,0.00,11.70,18.50,4.90,0.11875
2004-06-06,0.00,11.70,19.00,4.40,0.10868
2004-06-07,0.00,12.45,19.50,5.40,0.09965
2004-06-08,0.20,10.25,15.90,4.60,0.09688
2004-06-09,0.80,10.80,18.10,3.50,0.09826
2004-06-10,3.20,9.30,17.80,0.80,0.09757
2004-06-11,0.60,12.40,19.20,5.60,0.11285
2004-06-12,0.00,15.60,18.80,12.40,0.10000
2004-06-13,0.20,15.35,20.80,9.90,0.09306
2004-06-14,0.00,15.75,21.60,9.90,0.08229
2004-06-15,0.00,13.60,21.10,6.10,0.07604
2004-06-16,4.60,17.65,23.10,12.20,0.07917
2004-06-17,4.40,15.00,18.70,11.30,0.09271
2004-06-18,3.20,10.50,16.40,4.60,0.10972
2004-06-19,1.80,10.00,15.40,4.60,0.11111
2004-06-20,1.00,9.25,16.60,1.90,0.11007
2004-06-21,11.00,8.60,12.80,4.40,0.11042
2004-06-22,0.00,3.80,10.00,-2.40,0.15938
2004-06-23,14.80,6.65,15.00,-1.70,0.18611
2004-06-24,7.40,13.25,14.70,11.80,0.55521
2004-06-25,0.00,8.40,13.10,3.70,0.26458
2004-06-26,2.00,8.10,12.80,3.40,0.15833
2004-06-27,3.40,7.90,13.60,2.20,0.16736
2004-06-28,0.00,8.45,13.90,3.00,0.17500
2004-06-29,0.20,8.45,15.60,1.30,0.12639
2004-06-30,3.80,8.70,16.10,1.30,0.13403
2004-07-01,0.20,9.45,15.90,3.00,0.15035
2004-07-02,2.00,10.00,14.70,5.30,0.11528
2004-07-03,1.20,4.55,7.70,1.40,0.11389
2004-07-04,2.60,7.10,12.00,2.20,0.13993
2004-07-05,4.60,8.30,11.90,4.70,0.19479
2004-07-06,4.40,7.20,10.40,4.00,0.18958
2004-07-07,2.00,9.85,13.60,6.10,0.29583
2004-07-08,0.20,12.20,17.80,6.60,0.28958
2004-07-09,2.40,10.90,13.60,8.20,0.17188
2004-07-10,4.40,8.20,13.20,3.20,0.26736
2004-07-11,0.20,10.10,11.70,8.50,0.26285
2004-07-12,0.00,11.45,12.50,10.40,0.17604
2004-07-13,0.20,9.50,12.80,6.20,0.13819
2004-07-14,0.00,6.40,13.10,-0.30,0.11806
2004-07-15,0.00,5.70,14.10,-2.70,0.09896
2004-07-16,1.00,5.45,15.60,-4.70,0.09410
2004-07-17,1.00,3.35,9.00,-2.30,0.09410
2004-07-18,0.00,4.00,8.40,-0.40,0.09340
2004-07-19,0.20,3.80,7.50,0.10,0.08993
2004-07-20,0.00,0.65,6.30,-5.00,0.08715
2004-07-21,0.80,-1.55,2.80,-5.90,0.08854
2004-07-22,0.00,4.30,9.20,-0.60,0.08993
2004-07-23,0.60,4.85,8.10,1.60,0.08715
2004-07-24,1.20,4.95,7.40,2.50,0.08403
2004-07-25,0.40,4.40,8.00,0.80,0.08368
2004-07-26,0.00,8.85,16.80,0.90,0.07986
2004-07-27,1.60,7.10,11.50,2.70,0.07743
2004-07-28,0.00,4.95,8.30,1.60,0.07778
2004-07-29,1.80,4.50,9.10,-0.10,0.08090
2004-07-30,0.00,6.65,11.70,1.60,0.08403
2004-07-31,23.60,3.70,5.80,1.60,0.12639
2004-08-01,0.00,7.35,10.90,3.80,0.19410
2004-08-02,0.00,6.70,11.10,2.30,0.10903
2004-08-03,0.40,6.40,15.10,-2.30,0.09410
2004-08-04,35.40,12.35,15.10,9.60,1.42535
2004-08-05,2.00,11.50,14.80,8.20,0.40139
2004-08-06,10.20,11.15,13.90,8.40,0.92292
2004-08-07,0.20,8.15,9.10,7.20,0.31875
2004-08-08,0.00,7.75,9.20,6.30,0.21424
2004-08-09,4.40,8.95,10.70,7.20,0.17639
2004-08-10,5.20,8.00,11.20,4.80,0.57847
2004-08-11,2.20,4.70,11.80,-2.40,2.56667
2004-08-12,2.80,4.15,11.30,-3.00,3.04132
2004-08-13,1.80,8.05,9.80,6.30,0.78576
2004-08-14,0.00,7.50,9.40,5.60,0.49167
2004-08-15,0.00,5.25,8.50,2.00,0.38090
2004-08-16,0.00,6.95,11.90,2.00,0.33854
2004-08-17,0.00,12.70,16.10,9.30,0.32604
2004-08-18,0.20,4.05,9.30,-1.20,3.27674
2004-08-19,0.20,4.35,11.80,-3.10,3.29896
2004-08-20,0.00,1.95,7.60,-3.70,1.18611
2004-08-21,0.00,1.75,7.10,-3.60,0.71146
2004-08-22,3.80,-0.75,4.90,-6.40,0.54896
2004-08-23,2.20,1.75,8.60,-5.10,0.80729
2004-08-24,1.00,5.80,9.00,2.60,1.36076
2004-08-25,0.20,3.65,7.70,-0.40,1.02951
2004-08-26,0.00,4.10,8.60,-0.40,0.58542
2004-08-27,0.20,3.80,9.60,-2.00,0.50972
2004-08-28,0.00,7.90,10.90,4.90,0.39028
2004-08-29,0.00,2.40,7.20,-2.40,0.33854
2004-08-30,0.00,1.60,5.60,-2.40,0.33785
2004-08-31,0.00,6.40,7.40,5.40,0.30347
2004-09-01,0.20,4.00,9.60,-1.60,0.26840
2004-09-02,0.00,3.00,8.30,-2.30,0.25556
2004-09-03,0.00,10.15,14.50,5.80,0.23681
2004-09-04,0.00,2.05,7.70,-3.60,0.21910
2004-09-05,0.00,-1.20,2.50,-4.90,0.19514
2004-09-06,0.00,-2.60,3.20,-8.40,0.22292
2004-09-07,0.00,3.20,9.30,-2.90,0.19826
2004-09-08,0.00,7.80,10.50,5.10,0.16944
2004-09-09,0.00,1.55,5.10,-2.00,0.15660
2004-09-10,0.00,3.70,10.80,-3.40,0.14688
2004-09-11,0.00,7.60,11.00,4.20,0.15729
2004-09-12,0.00,3.30,5.90,0.70,0.16007
2004-09-13,0.00,0.20,3.50,-3.10,0.25000
2004-09-14,4.60,3.20,8.50,-2.10,0.32813
2004-09-15,0.00,5.90,10.10,1.70,0.20903
2004-09-16,0.60,4.50,9.70,-0.70,0.18299
2004-09-17,0.00,1.80,6.60,-3.00,0.29236
2004-09-18,0.60,0.85,3.40,-1.70,0.43507
2004-09-19,0.20,1.25,3.80,-1.30,0.25486
2004-09-20,0.00,1.75,4.80,-1.30,0.21042
2004-09-21,0.00,6.10,10.00,2.20,0.19757
2004-09-22,0.00,9.55,12.40,6.70,0.16597
2004-09-23,0.00,6.95,11.50,2.40,0.15868
2004-09-24,12.00,4.45,5.70,3.20,0.15556
2004-09-25,0.00,2.80,4.30,1.30,0.14410
2004-09-26,0.20,1.65,2.90,0.40,0.14028
2004-09-27,0.20,-1.95,1.00,-4.90,0.13715
2004-09-28,0.00,-5.95,-3.10,-8.80,0.17292
2004-09-29,0.00,3.40,4.70,2.10,0.17292
2004-09-30,0.00,0.45,3.30,-2.40,0.17292
2004-10-01,2.42,8.75,11.26,6.24,0.18438
2004-10-02,0.00,9.41,11.93,6.89,0.35000
2004-10-03,0.00,6.95,11.29,2.61,0.22083
2004-10-04,0.00,7.89,10.80,4.98,0.71389
2004-10-05,0.00,9.45,11.44,7.46,0.39583
2004-10-06,0.00,8.33,9.69,6.97,0.28819
2004-10-07,0.00,7.50,10.10,4.91,0.28160
2004-10-08,0.00,4.81,8.58,1.04,0.24410
2004-10-09,0.00,5.85,8.52,3.18,0.20694
2004-10-10,0.44,5.98,8.26,3.70,0.19514
2004-10-11,0.88,5.03,9.31,0.75,0.19063
2004-10-12,0.44,7.62,8.60,6.64,0.18403
2004-10-13,7.70,9.77,13.20,6.35,0.48993
2004-10-14,16.72,8.87,11.49,6.24,0.65972
2004-10-15,27.72,8.18,9.45,6.90,2.65972
2004-10-16,13.64,6.82,7.92,5.72,4.90000
2004-10-17,5.50,4.86,9.31,0.42,1.56181
2004-10-18,0.00,4.80,10.49,-0.88,0.85174
2004-10-19,9.24,4.37,7.03,1.70,1.81701
2004-10-20,1.32,2.31,4.94,-0.32,1.22257
2004-10-21,16.94,6.60,8.34,4.86,3.40417
2004-10-22,0.00,8.51,11.36,5.66,1.02917
2004-10-23,0.00,4.97,9.94,0.01,0.73750
2004-10-24,10.56,5.71,7.72,3.69,0.86493
2004-10-25,3.52,3.70,8.37,-0.98,1.66944
2004-10-26,0.44,0.72,5.99,-4.56,0.76701
2004-10-27,0.66,4.78,8.41,1.14,0.63507
2004-10-28,17.60,8.20,9.84,6.57,2.13299
2004-10-29,16.94,7.34,10.50,4.18,2.97292
2004-10-30,4.40,6.58,11.82,1.34,1.50590
2004-10-31,0.00,5.74,10.38,1.11,0.95556
2004-11-01,0.00,5.53,12.79,-1.73,0.75972
2004-11-02,0.88,3.61,9.40,-2.19,0.66354
2004-11-03,0.00,8.06,10.65,5.48,0.63854
2004-11-04,1.32,4.97,8.94,1.00,0.55833
2004-11-05,0.00,5.12,9.25,0.99,0.49688
2004-11-06,5.28,10.33,12.41,8.25,0.46076
2004-11-07,0.88,10.28,13.36,7.20,0.55313
2004-11-08,0.22,4.12,9.68,-1.44,0.45000
2004-11-09,0.00,4.12,8.36,-0.13,0.40660
2004-11-10,1.54,2.62,6.43,-1.20,0.39653
2004-11-11,0.00,10.22,13.35,7.08,0.37153
2004-11-12,1.98,6.29,12.46,0.13,0.38576
2004-11-13,0.00,3.27,5.70,0.85,0.36424
2004-11-14,0.00,8.55,11.06,6.04,0.32361
2004-11-15,0.00,5.55,10.31,0.78,0.33854
2004-11-16,1.10,2.33,4.02,0.64,0.36806
2004-11-17,3.08,5.40,9.83,0.96,0.39618
2004-11-18,0.88,-1.79,1.33,-4.92,0.35382
2004-11-19,0.00,-1.60,0.21,-3.41,0.24757
2004-11-20,0.00,-4.65,2.02,-11.32,0.22188
2004-11-21,5.72,-0.41,10.39,-11.21,0.43368
2004-11-22,1.76,8.00,11.73,4.27,0.59722
2004-11-23,1.54,5.32,8.37,2.27,0.51458
2004-11-24,0.22,9.66,11.17,8.15,0.38958
2004-11-25,0.00,9.60,10.89,8.30,0.31181
2004-11-26,0.00,5.28,9.74,0.82,0.28090
2004-11-27,0.22,3.51,5.44,1.57,0.32222
2004-11-28,0.44,0.11,3.94,-3.71,0.66944
2004-11-29,4.40,0.33,5.88,-5.22,0.37188
2004-11-30,1.10,2.78,6.69,-1.13,0.32465
2004-12-01,0.22,-1.05,3.77,-5.86,0.26944
2004-12-02,0.00,-1.13,4.77,-7.03,0.20590
2004-12-03,4.84,5.84,8.70,2.99,0.27813
2004-12-04,2.20,7.12,10.47,3.78,0.27188
2004-12-05,0.22,5.61,9.58,1.63,0.24097
2004-12-06,0.00,7.73,11.11,4.36,0.22639
2004-12-07,0.00,1.75,7.00,-3.49,0.21285
2004-12-08,0.22,3.66,10.19,-2.86,0.20139
2004-12-09,0.00,7.18,8.98,5.38,0.20000
2004-12-10,0.00,2.92,9.74,-3.90,0.19688
2004-12-11,0.00,-0.13,4.05,-4.30,0.19028
2004-12-12,0.00,4.95,8.82,1.07,0.18889
2004-12-13,0.00,5.88,7.45,4.30,0.18785
2004-12-14,0.44,8.75,12.19,5.31,0.18785
2004-12-15,1.54,1.53,4.93,-1.87,0.65590
2004-12-16,0.66,3.67,5.33,2.01,0.96493
2004-12-17,0.88,-0.56,2.76,-3.88,0.60590
2004-12-18,0.44,-4.01,1.77,-9.79,0.29236
2004-12-19,0.00,-5.86,1.39,-13.11,0.42153
2004-12-20,0.00,-1.64,2.86,-6.14,0.24097
2004-12-21,11.44,3.13,8.16,-1.90,0.23472
2004-12-22,3.52,8.03,10.29,5.78,0.35903
2004-12-23,1.98,5.72,10.11,1.34,0.94792
2004-12-24,0.22,0.17,2.34,-2.00,1.00486
2004-12-25,0.00,-1.46,0.22,-3.14,0.36146
2004-12-26,0.00,-0.44,2.84,-3.71,0.32153
2004-12-27,13.42,3.49,6.34,0.65,0.94896
2004-12-28,0.44,0.44,1.77,-0.88,0.63576
2004-12-29,0.88,3.90,11.88,-4.08,0.40556
2004-12-30,0.00,3.72,12.12,-4.67,0.37847
2004-12-31,0.00,-1.45,5.41,-8.31,0.31771
2005-01-01,9.80,2.86,7.01,-1.29,0.72917
2005-01-02,0.00,1.01,3.35,-1.33,0.62326
2005-01-03,0.00,6.21,8.99,3.44,0.76528
2005-01-04,0.60,5.90,10.01,1.78,0.52917
2005-01-05,8.80,3.36,5.08,1.63,1.19826
2005-01-06,0.80,6.63,11.32,1.93,0.75972
2005-01-07,6.40,7.32,11.11,3.53,1.02188
2005-01-08,14.80,1.89,4.00,-0.22,1.45035
2005-01-09,3.00,6.20,11.08,1.32,1.72257
2005-01-10,1.60,7.49,10.90,4.07,2.75694
2005-01-11,7.20,4.09,7.21,0.98,2.18194
2005-01-12,3.40,2.07,3.90,0.25,2.68507
2005-01-13,0.60,-2.19,2.55,-6.93,1.05278
2005-01-14,0.20,-1.59,4.30,-7.48,0.77396
2005-01-15,1.00,7.28,10.18,4.38,0.95000
2005-01-16,0.40,6.39,8.17,4.60,1.40417
2005-01-17,1.20,2.78,7.85,-2.30,0.78472
2005-01-18,0.40,-0.55,2.23,-3.32,0.60278
2005-01-19,0.80,3.44,8.40,-1.52,0.59167
2005-01-20,2.60,2.43,4.38,0.48,0.85174
2005-01-21,1.00,-0.31,2.57,-3.18,0.59479
2005-01-22,0.00,-2.76,1.26,-6.79,0.43750
2005-01-23,0.00,-2.50,2.15,-7.15,0.38125
2005-01-24,0.20,0.52,2.34,-1.30,0.37604
2005-01-25,2.80,4.13,5.93,2.32,0.47708
2005-01-26,0.20,5.15,6.13,4.17,0.50243
2005-01-27,0.00,4.58,6.18,2.98,0.38854
2005-01-28,0.00,4.37,5.05,3.69,0.35903
2005-01-29,0.00,4.16,12.14,-3.82,0.33646
2005-01-30,0.00,2.21,7.78,-3.36,0.30000
2005-01-31,1.40,7.50,9.57,5.43,0.28889
2005-02-01,0.20,6.91,9.77,4.05,0.37778
2005-02-02,0.00,5.60,8.93,2.26,0.29653
2005-02-03,0.00,4.25,10.19,-1.69,0.26667
2005-02-04,0.00,6.48,7.50,5.46,0.25486
2005-02-05,2.60,2.79,5.37,0.22,0.26736
2005-02-06,0.60,-1.74,3.72,-7.21,0.32847
2005-02-07,1.40,-1.53,3.64,-6.70,0.26528
2005-02-08,1.00,4.01,5.21,2.80,0.34201
2005-02-09,5.40,5.60,8.50,2.69,0.34410
2005-02-10,1.00,1.52,2.89,0.16,0.76458
2005-02-11,0.00,1.28,4.11,-1.54,0.36319
2005-02-12,7.20,1.69,4.09,-0.71,0.57118
2005-02-13,7.80,0.08,2.24,-2.08,0.86354
2005-02-14,0.20,1.49,2.62,0.36,0.50278
2005-02-15,0.00,-0.35,5.54,-6.25,0.37326
2005-02-16,0.40,0.35,6.95,-6.26,0.39826
2005-02-17,0.20,3.26,6.76,-0.25,0.51701
2005-02-18,1.20,2.72,6.71,-1.26,0.38785
2005-02-19,0.00,-1.34,-0.09,-2.59,0.28750
2005-02-20,0.20,-1.14,0.53,-2.82,0.28438
2005-02-21,0.80,-2.22,1.17,-5.61,0.29132
2005-02-22,1.60,-1.39,1.81,-4.60,0.29271
2005-02-23,0.00,-2.06,-0.89,-3.24,0.30000
2005-02-24,1.40,-0.96,1.14,-3.05,0.28576
2005-02-25,2.80,0.42,2.34,-1.50,0.29549
2005-02-26,1.60,1.75,2.68,0.82,0.56493
2005-02-27,0.00,1.58,3.60,-0.44,0.53993
2005-02-28,0.20,1.94,4.11,-0.23,0.47951
2005-03-01,4.00,0.69,2.61,-1.23,0.51840
2005-03-02,1.60,-1.16,0.07,-2.38,0.42257
2005-03-03,3.80,0.11,3.50,-3.28,0.34792
2005-03-04,1.64,1.61,3.70,-0.49,0.51285
2005-03-05,5.72,8.47,12.62,4.32,0.44826
2005-03-06,0.00,9.01,14.80,3.23,0.42569
2005-03-07,0.22,7.47,13.69,1.26,1.03021
2005-03-08,0.00,7.99,11.08,4.89,0.93854
2005-03-09,3.52,11.41,15.90,6.91,0.92500
2005-03-10,0.22,10.17,14.53,5.82,0.78958
2005-03-11,2.20,9.07,13.63,4.50,0.78299
2005-03-12,0.44,9.45,13.74,5.16,0.56806
2005-03-13,0.00,9.74,13.63,5.85,0.42569
2005-03-14,0.22,9.38,15.24,3.52,0.38715
2005-03-15,4.40,10.21,14.04,6.38,0.52882
2005-03-16,0.66,10.22,11.56,8.88,0.77847
2005-03-17,1.40,11.28,14.01,8.55,0.49653
2005-03-18,0.20,12.23,14.46,9.99,0.37778
2005-03-19,0.00,8.35,14.34,2.36,0.33194
2005-03-20,0.00,6.64,13.80,-0.52,0.30035
2005-03-21,0.00,6.00,7.98,4.02,0.27083
2005-03-22,6.60,7.18,10.27,4.10,0.61111
2005-03-23,0.00,9.30,12.67,5.92,0.46215
2005-03-24,0.20,7.71,12.45,2.97,0.32361
2005-03-25,0.20,7.86,13.84,1.88,0.28611
2005-03-26,1.20,6.39,7.75,5.02,0.27222
2005-03-27,6.00,4.47,5.22,3.72,0.44549
2005-03-28,1.00,3.61,4.41,2.80,0.69201
2005-03-29,5.20,3.53,4.27,2.80,0.65903
2005-03-30,0.20,3.75,4.13,3.36,0.58438
2005-03-31,0.00,5.39,9.32,1.46,0.41076
2005-04-01,0.00,6.61,9.00,4.23,0.34201
2005-04-02,0.00,7.85,15.62,0.08,0.30799
2005-04-03,0.00,9.00,14.38,3.62,0.26632
2005-04-04,1.40,2.53,8.16,-3.11,0.24097
2005-04-05,0.00,5.96,10.08,1.84,0.23958
2005-04-06,5.20,3.90,9.94,-2.14,0.47951
2005-04-07,12.40,0.33,2.78,-2.12,0.69549
2005-04-08,0.20,-0.91,1.28,-3.11,0.58646
2005-04-09,4.40,4.24,7.74,0.75,1.60903
2005-04-10,0.40,6.74,10.59,2.90,0.96111
2005-04-11,0.20,10.00,14.22,5.77,0.54861
2005-04-12,0.20,3.47,9.12,-2.18,0.40000
2005-04-13,0.40,3.12,8.26,-2.03,0.34722
2005-04-14,3.40,1.87,7.30,-3.57,0.35590
2005-04-15,2.00,2.87,5.07,0.67,0.44653
2005-04-16,3.60,3.61,7.18,0.04,0.61701
2005-04-17,1.00,5.36,7.11,3.61,0.44444
2005-04-18,22.60,5.51,7.35,3.67,2.79722
2005-04-19,0.00,6.35,11.94,0.76,1.09688
2005-04-20,0.00,5.22,10.90,-0.47,0.51354
2005-04-21,0.00,5.82,12.78,-1.15,0.41319
2005-04-22,0.00,6.09,10.56,1.62,0.36007
2005-04-23,0.00,4.08,11.36,-3.19,0.32951
2005-04-24,0.00,4.21,10.84,-2.43,0.28715
2005-04-25,0.00,3.45,12.79,-5.90,0.25903
2005-04-26,0.20,3.92,9.23,-1.39,0.23715
2005-04-27,10.40,3.55,7.66,-0.56,0.57847
2005-04-28,12.20,4.44,10.52,-1.64,1.33299
2005-04-29,0.00,9.33,13.44,5.22,0.65278
2005-04-30,0.00,9.61,14.93,4.30,0.33750
2005-05-01,4.00,7.96,10.03,5.89,0.41215
2005-05-02,0.00,10.14,14.96,5.32,0.42847
2005-05-03,5.80,9.96,15.14,4.78,0.52188
2005-05-04,0.20,8.43,14.55,2.31,0.50833
2005-05-05,1.60,9.17,14.90,3.43,0.39097
2005-05-06,0.00,6.26,11.00,1.52,0.38472
2005-05-07,1.00,5.22,8.89,1.55,0.29688
2005-05-08,5.80,4.84,7.55,2.13,0.28819
2005-05-09,3.20,4.93,8.67,1.19,0.40938
2005-05-10,0.60,4.47,11.04,-2.11,0.31597
2005-05-11,0.20,5.61,14.28,-3.05,0.24965
2005-05-12,0.20,5.80,15.09,-3.49,0.21319
2005-05-13,0.00,5.79,14.62,-3.05,0.18333
2005-05-14,0.00,6.18,17.12,-4.75,0.16979
2005-05-15,0.20,10.87,18.79,2.96,0.15625
2005-05-16,0.60,3.66,5.49,1.84,0.15625
2005-05-17,0.80,1.88,7.41,-3.64,0.15833
2005-05-18,1.20,1.84,10.97,-7.30,0.15208
2005-05-19,3.00,8.16,11.75,4.58,0.33715
2005-05-20,5.60,10.26,13.98,6.54,0.48993
2005-05-21,0.20,6.65,13.66,-0.37,0.45382
2005-05-22,1.80,5.21,11.94,-1.51,0.22847
2005-05-23,5.80,5.14,10.81,-0.53,0.30208
2005-05-24,2.80,7.66,12.71,2.61,0.26250
2005-05-25,1.80,7.81,13.27,2.35,0.24792
2005-05-26,0.20,11.68,16.14,7.21,0.25972
2005-05-27,7.60,6.63,8.35,4.92,0.21181
2005-05-28,7.20,8.27,11.28,5.26,0.94792
2005-05-29,4.60,8.87,12.50,5.25,0.64861
2005-05-30,1.00,7.15,10.72,3.57,0.38056
2005-05-31,1.40,6.73,12.66,0.80,0.30729
2005-06-01,4.80,6.41,9.69,3.12,0.42292
2005-06-02,3.60,10.22,13.27,7.17,0.54479
2005-06-03,0.00,13.69,18.02,9.35,0.44514
2005-06-04,4.20,10.42,14.98,5.86,0.36215
2005-06-05,1.40,4.37,8.23,0.50,0.39063
2005-06-06,0.00,5.28,12.47,-1.91,0.35938
2005-06-07,0.20,7.46,17.90,-2.99,0.26285
2005-06-08,0.00,14.38,19.78,8.97,0.22500
2005-06-09,0.00,14.16,20.40,7.91,0.20729
2005-06-10,0.00,8.59,15.29,1.90,0.17813
2005-06-11,0.00,9.85,13.17,6.53,0.16667
2005-06-12,1.80,7.82,11.29,4.35,0.16910
2005-06-13,8.20,8.43,10.58,6.28,0.23542
2005-06-14,3.80,9.42,12.21,6.64,0.38646
2005-06-15,2.00,10.88,13.87,7.88,0.42917
2005-06-16,0.80,10.07,13.10,7.04,0.38958
2005-06-17,0.00,13.76,19.07,8.45,0.26667
2005-06-18,0.00,18.71,21.41,16.00,0.20139
2005-06-19,7.00,15.11,21.67,8.54,0.42951
2005-06-20,0.00,11.02,18.02,4.03,0.28160
2005-06-21,0.80,13.28,17.36,9.19,0.20069
2005-06-22,0.00,16.47,20.97,11.97,0.16944
2005-06-23,0.00,12.54,19.37,5.71,0.15764
2005-06-24,0.20,9.77,15.85,3.69,0.13681
2005-06-25,0.40,12.06,15.94,8.18,0.14201
2005-06-26,0.00,13.27,21.93,4.60,0.13993
2005-06-27,0.00,16.31,22.96,9.65,0.12222
2005-06-28,0.00,14.63,21.48,7.77,0.11597
2005-06-29,2.20,11.70,17.51,5.89,0.11458
2005-06-30,0.20,11.97,14.27,9.66,0.12604
2005-07-01,0.00,11.66,19.38,3.94,0.12674
2005-07-02,0.40,8.98,17.54,0.42,0.10903
2005-07-03,2.20,11.83,16.28,7.38,0.11528
2005-07-04,1.00,9.78,15.59,3.98,0.10903
2005-07-05,0.00,12.88,16.80,8.95,0.10938
2005-07-06,8.60,10.22,11.75,8.68,0.14340
2005-07-07,0.00,11.96,19.87,4.04,0.15833
2005-07-08,0.00,15.25,22.84,7.66,0.11701
2005-07-09,0.20,14.38,22.54,6.22,0.09583
2005-07-10,0.00,19.08,24.88,13.27,0.09444
2005-07-11,0.00,18.60,27.82,9.37,0.08646
2005-07-12,0.00,17.52,26.24,8.79,0.08056
2005-07-13,0.00,14.43,20.85,8.00,0.07604
2005-07-14,1.00,13.47,18.14,8.80,0.07465
2005-07-15,0.00,12.03,17.58,6.48,0.07500
2005-07-16,0.00,11.43,20.42,2.44,0.07396
2005-07-17,0.20,18.14,21.90,14.38,0.07361
2005-07-18,1.40,13.29,18.14,8.44,0.07257
2005-07-19,1.00,9.78,15.43,4.12,0.07292
2005-07-20,0.00,13.81,18.07,9.55,0.07222
2005-07-21,0.20,14.64,18.11,11.17,0.07188
2005-07-22,0.00,13.39,16.81,9.96,0.06875
2005-07-23,0.00,10.88,15.37,6.40,0.06597
2005-07-24,0.00,11.72,14.82,8.62,0.06597
2005-07-25,0.20,9.76,12.21,7.31,0.06389
2005-07-26,0.00,10.19,14.67,5.70,0.06354
2005-07-27,0.00,9.01,12.80,5.21,0.06285
2005-07-28,0.80,8.68,13.34,4.01,0.06319
2005-07-29,7.60,9.31,10.22,8.40,0.08021
2005-07-30,0.00,9.59,11.14,8.04,0.11146
2005-07-31,0.20,10.04,12.25,7.82,0.09549
2005-08-01,0.00,9.54,16.33,2.75,0.08681
2005-08-02,0.20,10.76,18.00,3.53,0.07708
2005-08-03,0.00,10.05,17.43,2.68,0.06979
2005-08-04,0.00,11.51,15.21,7.81,0.06424
2005-08-05,1.40,11.26,15.90,6.61,0.06389
2005-08-06,2.20,11.02,14.39,7.64,0.06736
2005-08-07,0.00,11.36,14.78,7.94,0.06771
2005-08-08,0.00,10.61,19.47,1.74,0.06563
2005-08-09,2.60,12.07,15.05,9.09,0.06493
2005-08-10,0.80,16.49,21.73,11.25,0.07500
2005-08-11,0.00,12.69,15.59,9.79,0.07222
2005-08-12,0.20,11.80,14.97,8.62,0.07083
2005-08-13,9.70,13.62,17.90,9.33,0.08507
2005-08-14,0.60,11.79,16.73,6.85,0.10000
2005-08-15,2.80,13.25,19.50,7.00,0.08125
2005-08-16,0.00,16.62,20.94,12.30,0.07743
2005-08-17,0.60,14.83,16.53,13.12,0.06771
2005-08-18,2.00,12.26,15.12,9.40,0.06701
2005-08-19,19.00,10.71,18.65,2.77,0.12153
2005-08-20,0.00,10.90,19.33,2.48,0.20104
2005-08-21,4.40,11.80,21.24,2.37,0.10868
2005-08-22,0.00,11.01,17.39,4.63,0.10972
2005-08-23,0.60,10.91,16.94,4.89,0.09097
2005-08-24,9.20,7.92,15.01,0.83,0.13299
2005-08-25,0.60,7.69,15.62,-0.25,0.10382
2005-08-26,0.60,8.46,14.38,2.54,0.08368
2005-08-27,1.00,9.28,13.70,4.86,0.07986
2005-08-28,4.40,15.43,20.59,10.26,0.08611
2005-08-29,0.80,11.01,16.16,5.85,0.09097
2005-08-30,0.00,10.63,18.14,3.12,0.07569
2005-08-31,0.80,16.83,20.08,13.58,0.07188
2005-09-01,0.00,8.18,15.50,0.86,0.07188
2005-09-02,0.20,8.09,17.36,-1.18,0.07083
2005-09-03,0.20,9.16,16.26,2.06,0.06701
2005-09-04,0.00,15.31,22.87,7.74,0.06597
2005-09-05,0.00,13.10,21.59,4.61,0.06319
2005-09-06,0.00,13.73,21.01,6.44,0.06285
2005-09-07,1.20,14.54,16.55,12.53,0.06007
2005-09-08,1.60,11.95,16.03,7.87,0.06181
2005-09-09,0.40,8.09,10.19,5.99,0.06285
2005-09-10,0.20,8.60,10.48,6.71,0.06285
2005-09-11,0.00,9.68,17.40,1.97,0.06285
2005-09-12,0.00,13.42,19.99,6.85,0.06285
2005-09-13,2.00,16.02,18.78,13.26,0.06215
2005-09-14,0.00,12.07,14.57,9.57,0.06181
2005-09-15,0.80,7.95,11.63,4.27,0.06007
2005-09-16,1.20,5.98,11.44,0.52,0.06007
2005-09-17,0.40,7.23,14.36,0.11,0.06007
2005-09-18,0.00,13.48,16.16,10.80,0.06007
2005-09-19,0.00,10.03,15.25,4.80,0.06007
2005-09-20,0.00,11.06,15.64,6.48,0.05972
2005-09-21,1.00,11.57,15.17,7.96,0.05486
2005-09-22,0.40,14.44,16.26,12.62,0.05486
2005-09-23,3.40,9.19,15.98,2.40,0.06667
2005-09-24,0.00,5.59,10.29,0.89,0.07396
2005-09-25,0.40,8.57,15.49,1.65,0.06701
2005-09-26,11.00,7.87,14.02,1.73,0.07708
2005-09-27,2.00,9.40,13.10,5.70,0.15972
2005-09-28,2.80,8.26,11.45,5.06,0.09410
2005-09-29,3.20,9.13,12.64,5.63,0.09410
2005-09-30,1.00,12.41,16.70,8.12,0.09097
2005-10-01,0.40,8.68,11.03,6.32,0.08854
2005-10-02,0.00,10.45,14.70,6.21,0.07847
2005-10-03,0.00,8.44,14.55,2.33,0.07465
2005-10-04,0.00,6.24,11.57,0.91,0.07049
2005-10-05,0.00,8.73,12.91,4.55,0.06979
2005-10-06,0.00,9.78,13.74,5.82,0.06771
2005-10-07,0.20,12.64,13.72,11.55,0.06701
2005-10-08,7.80,6.47,12.08,0.86,0.10451
2005-10-09,3.40,6.56,10.91,2.22,0.10208
2005-10-10,6.00,12.91,15.43,10.38,0.11007
2005-10-11,58.20,8.88,13.40,4.35,1.79236
2005-10-12,20.20,5.70,7.14,4.27,4.95069
2005-10-13,0.00,3.97,11.03,-3.08,0.81944
2005-10-14,0.20,3.23,10.72,-4.25,0.41076
2005-10-15,0.00,9.19,12.88,5.50,0.30417
2005-10-16,0.00,10.02,13.21,6.83,0.25556
2005-10-17,0.20,8.63,10.83,6.42,0.21910
2005-10-18,0.20,9.27,10.58,7.95,0.20556
2005-10-19,0.40,8.93,10.51,7.35,0.18715
2005-10-20,0.20,9.40,10.84,7.96,0.18472
2005-10-21,0.20,6.67,11.04,2.30,0.16736
2005-10-22,1.00,3.13,6.82,-0.56,0.15903
2005-10-23,1.20,2.20,5.06,-0.66,0.16181
2005-10-24,16.60,5.86,7.82,3.90,0.80486
2005-10-25,4.60,7.31,11.79,2.83,0.91458
2005-10-26,4.40,8.21,13.56,2.85,0.47847
2005-10-27,0.00,13.37,16.72,10.01,0.50208
2005-10-28,12.60,11.79,14.80,8.78,0.96493
2005-10-29,11.00,9.21,11.91,6.52,1.26111
2005-10-30,15.80,11.44,13.40,9.48,2.79236
2005-10-31,0.40,9.50,11.96,7.03,1.28507
2005-11-01,0.00,7.31,10.44,4.18,0.65486
2005-11-02,4.80,6.28,10.90,1.67,0.57431
2005-11-03,3.60,10.75,12.38,9.11,0.96042
2005-11-04,1.80,5.34,10.09,0.60,0.69514
2005-11-05,0.20,3.67,8.44,-1.11,0.52153
2005-11-06,1.00,7.26,11.04,3.48,0.43576
2005-11-07,10.40,6.14,7.91,4.36,0.43160
2005-11-08,1.20,4.33,6.39,2.26,1.17188
2005-11-09,0.40,4.20,9.71,-1.32,0.47639
2005-11-10,1.20,7.17,10.23,4.11,0.39931
2005-11-11,43.20,7.84,11.59,4.09,1.21389
2005-11-12,4.40,4.23,5.70,2.76,3.13299
2005-11-13,0.20,3.19,8.77,-2.39,0.72813
2005-11-14,0.00,9.90,12.53,7.27,0.52917
2005-11-15,0.60,4.20,7.32,1.08,0.44549
2005-11-16,0.60,0.67,2.89,-1.56,0.41701
2005-11-17,1.00,-2.45,3.60,-8.49,0.37951
2005-11-18,0.00,-4.31,2.16,-10.77,0.28576
2005-11-19,0.20,-2.40,5.61,-10.40,0.46632
2005-11-20,0.00,2.97,8.95,-3.02,0.33889
2005-11-21,0.20,-0.13,7.00,-7.25,0.29583
2005-11-22,0.20,-0.40,7.48,-8.28,0.27708
2005-11-23,0.20,0.82,9.15,-7.52,0.31111
2005-11-24,2.40,3.16,9.08,-2.76,0.31076
2005-11-25,24.60,0.32,3.03,-2.40,0.66875
2005-11-26,25.40,2.38,3.49,1.27,5.28681
2005-11-27,4.80,0.63,1.91,-0.65,2.50382
2005-11-28,0.20,-0.71,-0.01,-1.42,1.05486
2005-11-29,1.00,-2.89,2.61,-8.38,0.72431
2005-11-30,2.00,-0.73,4.70,-6.17,0.65729
2005-12-01,4.80,4.62,6.36,2.88,2.78507
2005-12-02,16.80,3.79,6.26,1.32,4.29375
2005-12-03,15.60,4.72,5.69,3.76,4.30938
2005-12-04,8.40,2.78,4.50,1.05,3.32604
2005-12-05,7.80,3.19,4.16,2.22,1.72708
2005-12-06,1.80,2.12,4.54,-0.30,1.81076
2005-12-07,0.00,-2.61,1.33,-6.55,1.01007
2005-12-08,0.20,-0.36,4.30,-5.02,0.79931
2005-12-09,0.40,5.87,7.86,3.88,0.73889
2005-12-10,0.00,9.68,11.26,8.10,0.66319
2005-12-11,0.80,6.09,11.95,0.23,0.55799
2005-12-12,0.00,0.66,6.14,-4.82,0.49757
2005-12-13,0.00,2.37,9.69,-4.95,0.45000
2005-12-14,0.00,7.53,9.61,5.46,0.41458
2005-12-15,2.60,8.07,10.24,5.90,0.37569
2005-12-16,0.80,2.60,7.41,-2.22,0.43438
2005-12-17,0.00,-4.40,-0.36,-8.44,0.32604
2005-12-18,0.40,-1.99,4.54,-8.52,0.31701
2005-12-19,0.00,3.34,6.20,0.48,0.34236
2005-12-20,0.00,4.52,9.38,-0.35,0.32674
2005-12-21,0.80,3.33,8.15,-1.49,0.32014
2005-12-22,0.60,4.55,9.16,-0.07,0.29063
2005-12-23,0.00,6.28,9.85,2.71,0.27986
2005-12-24,0.00,3.92,6.72,1.11,0.24306
2005-12-25,0.00,-0.16,4.40,-4.72,0.22951
2005-12-26,1.00,0.93,3.83,-1.98,0.23021
2005-12-27,0.00,-3.62,-0.80,-6.44,0.23542
2005-12-28,0.00,-4.91,-1.04,-8.78,0.20104
2005-12-29,0.00,-7.33,-1.87,-12.78,0.25660
2005-12-30,2.20,-0.32,1.71,-2.35,0.21944
2005-12-31,2.60,1.09,2.65,-0.47,0.23264
2006-01-01,0.40,2.28,4.43,0.14,0.38438
2006-01-02,0.20,1.81,6.20,-2.58,0.41979
2006-01-03,0.20,-0.76,6.68,-8.21,0.43646
2006-01-04,0.20,-2.38,3.64,-8.40,0.27361
2006-01-05,0.80,1.92,3.63,0.20,0.28785
2006-01-06,1.00,0.79,1.62,-0.04,0.27153
2006-01-07,0.40,1.77,3.00,0.54,0.27118
2006-01-08,0.00,-2.94,2.41,-8.29,0.23924
2006-01-09,2.00,0.11,6.30,-6.08,0.28785
2006-01-10,6.00,6.49,10.34,2.65,0.36806
2006-01-11,3.20,4.12,6.34,1.90,0.63021
2006-01-12,11.80,6.15,8.55,3.76,0.47118
2006-01-13,34.80,6.75,7.90,5.60,4.08264
2006-01-14,0.00,2.68,6.36,-1.00,1.95486
2006-01-15,5.40,3.18,4.19,2.17,0.72639
2006-01-16,2.80,0.84,5.37,-3.69,1.48958
2006-01-17,0.80,-0.90,2.53,-4.32,0.74757
2006-01-18,0.40,4.84,9.68,-0.01,0.58819
2006-01-19,0.40,10.00,12.49,7.50,0.52639
2006-01-20,3.40,4.70,8.25,1.15,0.63090
2006-01-21,0.20,2.16,6.72,-2.41,0.49097
2006-01-22,0.00,4.91,7.17,2.65,0.41285
2006-01-23,0.00,4.03,6.21,1.86,0.37569
2006-01-24,0.00,5.57,9.07,2.07,0.35035
2006-01-25,0.00,1.62,3.28,-0.04,0.33611
2006-01-26,0.00,1.33,2.89,-0.24,0.31979
2006-01-27,0.20,1.95,2.86,1.04,0.31007
2006-01-28,1.04,2.79,4.31,1.26,0.30521
2006-01-29,0.00,6.09,9.10,3.08,0.30208
2006-01-30,0.00,6.34,7.78,4.90,0.26563
2006-01-31,0.00,8.47,11.50,5.43,0.34132
2006-02-01,0.00,6.91,9.77,4.05,0.25486
2006-02-02,0.00,7.27,12.28,2.26,0.20764
2006-02-03,0.00,4.25,10.19,-1.69,0.24653
2006-02-04,0.00,6.25,7.50,5.00,0.28021
2006-02-05,0.00,2.79,5.37,0.22,0.25729
2006-02-06,0.00,-1.74,3.72,-7.21,0.30938
2006-02-07,1.98,-0.33,3.64,-4.29,0.33229
2006-02-08,1.76,4.01,5.21,2.80,0.32674
2006-02-09,0.88,4.65,8.50,0.80,0.24444
2006-02-10,0.22,1.84,3.39,0.30,0.19549
2006-02-11,0.22,1.28,4.11,-1.54,0.23819
2006-02-12,0.00,3.12,6.95,-0.71,0.27882
2006-02-13,0.00,3.43,6.71,0.15,0.25243
2006-02-14,5.50,5.02,7.20,2.84,0.49583
2006-02-15,4.40,6.12,7.51,4.73,0.94340
2006-02-16,2.86,2.22,9.57,-5.14,0.51979
2006-02-17,0.88,3.26,6.77,-0.25,0.69722
2006-02-18,2.42,4.16,6.71,1.62,0.39792
2006-02-19,9.46,3.73,8.33,-0.87,0.52674
2006-02-20,2.64,1.48,4.45,-1.49,0.53264
2006-02-21,4.84,4.13,6.76,1.51,0.48438
2006-02-22,0.22,5.33,7.47,3.19,0.40833
2006-02-23,1.54,6.60,8.60,4.60,0.35417
2006-02-24,2.20,4.03,5.27,2.80,0.77917
2006-02-25,0.44,1.55,4.60,-1.50,0.51979
2006-02-26,0.44,3.82,6.83,0.82,0.39236
2006-02-27,1.98,6.04,9.44,2.64,0.37361
2006-02-28,0.00,2.06,4.11,0.01,0.35174
2006-03-01,0.44,2.19,5.62,-1.23,0.49167
2006-03-02,0.00,3.48,8.32,-1.36,0.48750
2006-03-03,0.66,1.47,6.22,-3.28,0.36597
2006-03-04,0.00,4.61,6.38,2.84,0.33819
2006-03-05,2.42,8.47,12.62,4.32,0.31944
2006-03-06,0.88,9.01,14.80,3.23,0.30104
2006-03-07,10.12,7.47,13.69,1.26,0.30486
2006-03-08,9.46,7.99,11.08,4.89,0.83646
2006-03-09,4.84,11.41,15.90,6.91,1.46389
2006-03-10,3.52,10.17,14.53,5.82,1.64132
2006-03-11,1.10,9.07,13.63,4.50,0.75972
2006-03-12,0.00,9.45,13.74,5.16,0.45139
2006-03-13,11.00,9.74,13.63,5.85,0.55694
2006-03-14,4.84,9.38,15.24,3.52,0.68125
2006-03-15,0.22,10.21,14.04,6.38,0.86632
2006-03-16,1.32,9.33,11.56,7.10,0.60590
2006-03-17,0.00,11.28,14.01,8.55,0.68611
2006-03-18,0.00,11.43,14.46,8.40,0.83403
2006-03-19,0.22,8.35,14.34,2.36,1.21285
2006-03-20,0.66,6.64,13.80,-0.52,0.92465
2006-03-21,0.00,6.00,7.98,4.02,0.61736
2006-03-22,0.00,7.18,10.27,4.10,0.50104
2006-03-23,4.40,9.30,12.67,5.92,0.57188
2006-03-24,4.18,8.01,13.05,2.97,0.61944
2006-03-25,2.64,7.86,13.84,1.88,1.13125
2006-03-26,3.52,9.32,13.62,5.02,1.97118
2006-03-27,5.06,7.80,11.88,3.72,1.78472
2006-03-28,1.98,4.00,5.19,2.80,1.17708
2006-03-29,0.22,6.24,8.63,3.86,0.81111
2006-03-30,5.94,6.74,10.13,3.36,0.80313
2006-03-31,6.38,7.24,13.01,1.46,1.14201
2006-04-01,1.10,6.61,9.00,4.23,1.03576
2006-04-02,0.44,8.19,15.62,0.76,0.70278
2006-04-03,3.30,11.54,19.45,3.62,0.58056
2006-04-04,0.88,7.80,15.20,0.40,0.57917
2006-04-05,0.00,6.85,11.85,1.84,0.51597
2006-04-06,0.66,7.80,15.64,-0.04,0.46215
2006-04-07,1.98,6.26,12.17,0.34,0.45000
2006-04-08,9.02,11.01,14.82,7.20,0.46840
2006-04-09,2.42,11.65,16.25,7.05,0.73785
2006-04-10,1.98,10.13,14.31,5.96,0.62222
2006-04-11,0.00,11.38,16.99,5.77,0.58229
2006-04-12,0.00,7.64,17.47,-2.18,0.45660
2006-04-13,1.98,11.60,21.34,1.87,0.44028
2006-04-14,0.22,12.84,21.23,4.46,0.40868
2006-04-15,0.00,7.28,13.90,0.67,0.35104
2006-04-16,0.00,5.63,11.23,0.04,0.32778
2006-04-17,0.00,8.37,13.13,3.61,0.29028
2006-04-18,0.00,6.00,8.33,3.67,0.26215
2006-04-19,0.22,6.35,11.94,0.76,0.25139
2006-04-20,0.22,8.84,11.83,5.85,0.25000
2006-04-21,0.00,13.48,16.75,10.21,0.23889
2006-04-22,0.00,10.31,14.17,6.45,0.23056
2006-04-23,0.00,12.01,17.31,6.70,0.22188
2006-04-24,1.40,9.29,10.40,8.18,0.19861
2006-04-25,0.20,9.51,11.69,7.32,0.19861
2006-04-26,0.20,7.53,12.60,2.45,0.17882
2006-04-27,0.00,5.17,14.36,-4.02,0.16042
2006-04-28,0.00,7.43,12.70,2.16,0.15556
2006-04-29,0.00,6.67,13.94,-0.59,0.15104
2006-04-30,0.00,3.31,12.04,-5.42,0.14097
2006-05-01,0.80,3.83,9.94,-2.29,0.14167
2006-05-02,11.80,1.09,8.54,-6.37,0.16736
2006-05-03,1.00,9.46,13.73,5.19,0.52708
2006-05-04,0.20,7.80,15.12,0.47,0.22743
2006-05-05,1.20,9.91,18.02,1.81,0.22222
2006-05-06,2.80,6.84,17.11,-3.44,0.17500
2006-05-07,1.00,9.82,12.93,6.71,0.23507
2006-05-08,0.20,9.30,18.23,0.36,0.19861
2006-05-09,0.20,9.22,20.62,-2.17,0.15000
2006-05-10,0.00,9.72,20.66,-1.22,0.12951
2006-05-11,0.00,8.66,18.88,-1.55,0.11910
2006-05-12,2.60,2.91,7.40,-1.58,0.13750
2006-05-13,2.80,3.35,8.75,-2.04,0.15694
2006-05-14,0.00,6.48,10.76,2.21,0.19444
2006-05-15,8.40,5.84,7.26,4.42,0.28333
2006-05-16,0.60,9.40,13.97,4.83,0.33993
2006-05-17,6.00,12.90,17.02,8.78,0.24410
2006-05-18,4.00,10.94,14.56,7.33,0.57917
2006-05-19,2.40,8.91,13.82,3.99,0.39826
2006-05-20,5.00,6.47,8.48,4.45,0.44514
2006-05-21,4.80,5.49,8.34,2.65,0.74271
2006-05-22,0.20,2.88,8.58,-2.82,0.39236
2006-05-23,1.20,2.50,10.63,-5.63,0.26458
2006-05-24,0.00,6.15,11.45,0.85,0.22674
2006-05-25,1.00,6.11,13.29,-1.06,0.18576
2006-05-26,8.80,4.85,10.01,-0.31,0.33229
2006-05-27,2.40,11.11,15.19,7.03,0.35278
2006-05-28,0.00,7.44,14.61,0.28,0.24444
2006-05-29,3.20,4.56,8.93,0.19,0.19063
2006-05-30,0.40,6.21,9.87,2.55,0.19410
2006-05-31,0.40,7.71,13.29,2.13,0.16840
2006-06-01,0.40,12.94,17.89,7.98,0.14861
2006-06-02,0.00,13.47,20.13,6.80,0.13507
2006-06-03,0.20,10.18,14.18,6.19,0.11424
2006-06-04,0.60,10.90,16.69,5.11,0.11806
2006-06-05,0.00,12.48,16.76,8.19,0.11597
2006-06-06,0.00,14.72,24.87,4.58,0.11354
2006-06-07,0.00,13.15,18.04,8.25,0.09722
2006-06-08,0.00,14.06,23.65,4.46,0.09444
2006-06-09,0.00,14.77,22.93,6.61,0.08576
2006-06-10,0.00,13.03,20.89,5.17,0.07674
2006-06-11,0.00,14.85,21.87,7.83,0.07083
2006-06-12,5.60,14.98,19.46,10.50,0.09514
2006-06-13,0.00,10.45,17.53,3.38,0.08854
2006-06-14,0.00,9.06,18.17,-0.05,0.06806
2006-06-15,0.00,11.71,22.40,1.03,0.06597
2006-06-16,0.20,15.44,19.43,11.44,0.06181
2006-06-17,2.40,13.04,16.85,9.22,0.06319
2006-06-18,2.60,14.38,16.93,11.82,0.07118
2006-06-19,9.00,12.43,16.38,8.47,0.09965
2006-06-20,5.80,10.83,13.83,7.82,0.13403
2006-06-21,1.60,10.85,12.88,8.81,0.18576
2006-06-22,4.60,10.56,13.52,7.61,0.13194
2006-06-23,0.60,14.02,18.62,9.42,0.12465
2006-06-24,6.00,11.68,16.79,6.57,0.09965
2006-06-25,0.20,7.69,14.17,1.20,0.13264
2006-06-26,0.00,7.93,13.78,2.08,0.09618
2006-06-27,0.00,8.83,15.77,1.89,0.08194
2006-06-28,0.00,9.12,18.86,-0.62,0.07257
2006-06-29,0.00,14.62,16.39,12.85,0.06076
2006-06-30,2.80,10.46,16.00,4.93,0.06736
2006-07-01,0.00,12.45,20.95,3.95,0.09861
2006-07-02,7.60,13.42,20.67,6.18,0.10174
2006-07-03,0.20,13.61,15.70,11.52,0.13681
2006-07-04,0.00,14.25,22.18,6.32,0.10694
2006-07-05,0.00,14.43,24.97,3.89,0.07917
2006-07-06,0.00,17.62,24.99,10.24,0.06215
2006-07-07,0.00,12.97,18.97,6.97,0.05139
2006-07-08,0.80,11.07,16.39,5.75,0.04410
2006-07-09,7.80,14.09,19.50,8.67,0.06285
2006-07-10,1.80,11.28,16.47,6.08,0.08264
2006-07-11,0.00,13.08,17.39,8.76,0.07500
2006-07-12,0.00,12.37,18.07,6.67,0.05694
2006-07-13,0.00,10.97,18.38,3.57,0.04861
2006-07-14,0.00,9.95,19.93,-0.04,0.04306
2006-07-15,0.00,12.99,23.88,2.11,0.03819
2006-07-16,0.00,14.39,24.05,4.73,0.03368
2006-07-17,0.00,19.18,25.35,13.01,0.03090
2006-07-18,0.00,16.46,22.61,10.30,0.03021
2006-07-19,0.00,17.16,25.55,8.76,0.02986
2006-07-20,0.00,15.68,25.03,6.33,0.02917
2006-07-21,1.20,17.12,24.56,9.68,0.02951
2006-07-22,0.00,17.45,21.85,13.04,0.03611
2006-07-23,0.00,15.81,22.07,9.54,0.03368
2006-07-24,0.00,15.41,21.49,9.33,0.03021
2006-07-25,0.00,17.14,25.14,9.14,0.02986
2006-07-26,3.00,17.38,25.02,9.74,0.03021
2006-07-27,12.40,16.70,23.07,10.33,0.03611
2006-07-28,0.00,15.55,22.08,9.02,0.05590
2006-07-29,2.60,16.78,20.48,13.07,0.04514
2006-07-30,0.00,16.41,21.09,11.73,0.04236
2006-07-31,8.80,13.51,16.18,10.83,0.03854
2006-08-01,1.40,12.06,19.07,5.04,0.06667
2006-08-02,1.60,11.95,13.45,10.45,0.05972
2006-08-03,0.00,13.92,18.26,9.58,0.05972
2006-08-04,0.00,15.02,20.11,9.92,0.04965
2006-08-05,0.00,18.12,26.07,10.17,0.04306
2006-08-06,0.00,15.93,22.47,9.38,0.03611
2006-08-07,0.00,11.54,19.21,3.86,0.02813
2006-08-08,0.80,8.77,15.79,1.75,0.02604
2006-08-09,0.00,12.17,15.28,9.06,0.02708
2006-08-10,3.40,11.59,13.39,9.79,0.02778
2006-08-11,0.80,11.78,14.57,8.98,0.03611
2006-08-12,0.00,11.34,14.09,8.59,0.03785
2006-08-13,0.00,11.63,13.84,9.41,0.03715
2006-08-14,0.00,11.57,16.77,6.37,0.03681
2006-08-15,0.00,10.30,13.78,6.83,0.03403
2006-08-16,0.60,7.99,14.40,1.58,0.03403
2006-08-17,3.60,12.75,18.65,6.85,0.03542
2006-08-18,30.60,14.28,15.87,12.68,0.23194
2006-08-19,23.40,14.92,17.73,12.10,0.85278
2006-08-20,0.20,12.30,15.64,8.95,0.54896
2006-08-21,0.00,12.42,17.53,7.32,0.25313
2006-08-22,0.00,13.03,17.65,8.40,0.16563
2006-08-23,1.00,14.10,18.91,9.29,0.13090
2006-08-24,0.00,11.79,17.29,6.28,0.11076
2006-08-25,0.20,9.69,16.51,2.86,0.09306
2006-08-26,0.20,12.02,17.43,6.62,0.08472
2006-08-27,1.00,10.92,16.89,4.95,0.07465
2006-08-28,0.00,8.44,15.27,1.62,0.06597
2006-08-29,0.20,10.60,15.39,5.82,0.06007
2006-08-30,0.00,10.72,17.61,3.84,0.05451
2006-08-31,1.60,14.63,21.15,8.11,0.04653
2006-09-01,15.40,12.09,18.42,5.77,0.17986
2006-09-02,0.00,9.59,14.29,4.90,0.14826
2006-09-03,0.20,11.85,16.97,6.72,0.10556
2006-09-04,0.00,10.72,15.71,5.73,0.08403
2006-09-05,14.80,9.52,13.65,5.39,0.11215
2006-09-06,0.20,13.15,17.17,9.13,0.25104
2006-09-07,0.00,7.88,14.46,1.31,0.13646
2006-09-08,0.00,8.68,19.24,-1.87,0.10521
2006-09-09,0.20,8.40,17.51,-0.71,0.08646
2006-09-10,0.20,10.77,19.41,2.13,0.07674
2006-09-11,0.00,15.31,20.02,10.60,0.07083
2006-09-12,0.40,15.05,19.86,10.23,0.06806
2006-09-13,0.00,14.73,19.41,10.05,0.06563
2006-09-14,32.40,12.97,14.26,11.68,0.29722
2006-09-15,0.80,11.59,18.60,4.59,1.13333
2006-09-16,0.20,11.72,18.63,4.82,0.36076
2006-09-17,0.00,12.13,19.33,4.94,0.24271
2006-09-18,6.60,8.68,16.26,1.11,0.19306
2006-09-19,0.00,12.21,15.10,9.32,0.38993
2006-09-20,5.40,14.26,16.82,11.69,0.34688
2006-09-21,1.00,16.95,20.38,13.52,0.48854
2006-09-22,0.20,13.98,17.88,10.08,0.29549
2006-09-23,0.20,13.16,18.46,7.86,0.20972
2006-09-24,6.60,10.55,12.99,8.11,0.21458
2006-09-25,0.80,12.63,17.62,7.64,0.32083
2006-09-26,0.20,10.97,16.04,5.91,0.24688
2006-09-27,3.80,12.73,16.24,9.21,0.21632
2006-09-28,0.00,12.89,15.29,10.49,0.38507
2006-09-29,0.40,8.93,13.86,3.99,0.25208
2006-09-30,0.00,6.96,12.19,1.72,0.21181
2006-10-01,19.00,9.29,11.11,7.47,1.33542
2006-10-02,5.40,9.59,12.64,6.54,0.95278
2006-10-03,0.80,6.85,12.98,0.73,0.67986
2006-10-04,0.00,6.23,11.59,0.86,0.43750
2006-10-05,1.80,11.17,13.91,8.43,0.35764
2006-10-06,3.00,10.50,13.01,7.99,0.36181
2006-10-07,0.00,10.36,13.96,6.76,0.34722
2006-10-08,1.60,8.01,14.39,1.62,0.27847
2006-10-09,0.60,5.68,13.31,-1.95,0.27847
2006-10-10,0.40,12.02,13.72,10.32,0.24097
2006-10-11,19.40,9.58,14.18,4.99,1.18472
2006-10-12,0.20,9.62,16.29,2.95,1.27813
2006-10-13,0.00,9.43,13.88,4.97,0.46806
2006-10-14,0.00,7.09,11.32,2.87,0.36701
2006-10-15,0.00,5.86,10.59,1.13,0.32708
2006-10-16,0.00,8.51,10.87,6.16,0.30139
2006-10-17,0.80,9.71,11.17,8.24,0.30069
2006-10-18,7.20,10.47,12.60,8.33,0.58194
2006-10-19,21.60,10.19,12.18,8.20,2.08785
2006-10-20,21.40,7.71,10.71,4.72,2.68299
2006-10-21,4.00,6.99,13.57,0.40,1.71736
2006-10-22,0.20,5.63,11.48,-0.22,0.94514
2006-10-23,0.00,6.66,9.66,3.65,0.70451
2006-10-24,6.60,7.10,8.93,5.27,0.62153
2006-10-25,10.80,8.55,12.53,4.58,1.20382
2006-10-26,17.40,5.62,10.78,0.46,3.87118
2006-10-27,1.40,12.53,15.29,9.77,1.28021
2006-10-28,2.80,8.68,11.51,5.86,1.01563
2006-10-29,2.60,11.24,15.35,7.13,0.75208
2006-10-30,3.20,5.12,9.05,1.20,0.78090
2006-10-31,10.40,2.59,4.97,0.21,1.03854
2006-11-01,2.00,2.41,8.00,-3.19,0.92569
2006-11-02,0.00,2.17,8.65,-4.31,0.63993
2006-11-03,0.20,8.34,10.13,6.55,0.53403
2006-11-04,0.00,10.63,11.86,9.40,0.48924
2006-11-05,0.00,9.99,11.60,8.37,0.42465
2006-11-06,0.00,8.71,11.51,5.90,0.38368
2006-11-07,0.00,5.49,8.10,2.87,0.36007
2006-11-08,3.80,1.59,7.52,-4.34,0.43194
2006-11-09,0.00,4.31,10.94,-2.31,0.38194
2006-11-10,2.60,4.13,6.15,2.11,0.35243
2006-11-11,6.40,6.81,11.56,2.06,0.64861
2006-11-12,0.00,8.46,11.56,5.36,0.45833
2006-11-13,1.60,4.53,6.49,2.57,0.39479
2006-11-14,0.80,2.84,5.57,0.11,0.34965
2006-11-15,10.00,4.64,9.20,0.08,0.37986
2006-11-16,9.60,2.40,5.31,-0.51,1.99028
2006-11-17,7.00,0.91,5.46,-3.64,1.29722
2006-11-18,1.00,1.53,7.95,-4.88,0.92431
2006-11-19,7.20,5.23,7.95,2.50,0.85833
2006-11-20,1.80,5.14,7.10,3.19,1.71319
2006-11-21,1.60,1.07,5.56,-3.42,0.81875
2006-11-22,0.00,3.37,6.67,0.06,0.58611
2006-11-23,7.80,5.99,8.56,3.41,0.93333
2006-11-24,3.60,5.20,8.65,1.76,0.78472
2006-11-25,2.80,4.34,8.40,0.27,0.93646
2006-11-26,0.00,7.38,9.26,5.50,0.80139
2006-11-27,12.80,6.16,8.25,4.07,1.63889
2006-11-28,4.00,7.40,11.07,3.73,1.25174
2006-11-29,3.20,9.77,11.22,8.32,0.87986
2006-11-30,31.80,6.28,10.25,2.32,1.90000
2006-12-01,15.40,5.53,6.22,4.85,4.90243
2006-12-02,2.60,5.27,7.67,2.88,1.70382
2006-12-03,29.80,6.72,7.82,5.62,5.64028
2006-12-04,1.00,5.36,7.31,3.41,2.18750
2006-12-05,0.80,1.22,5.26,-2.83,1.11736
2006-12-06,1.60,3.45,5.26,1.65,0.86944
2006-12-07,3.80,3.29,5.78,0.79,1.16528
2006-12-08,0.20,1.76,5.02,-1.49,0.84757
2006-12-09,0.00,6.80,12.32,1.29,0.63542
2006-12-10,5.20,5.07,9.80,0.34,0.66215
2006-12-11,4.40,4.11,5.11,3.10,0.66979
2006-12-12,16.80,7.46,11.81,3.10,1.84549
2006-12-13,10.60,7.41,11.68,3.14,2.06563
2006-12-14,6.80,0.87,5.17,-3.43,1.84653
2006-12-15,0.60,-0.02,4.56,-4.61,0.88819
2006-12-16,0.20,-0.32,5.63,-6.28,0.68229
2006-12-17,0.00,-2.76,2.17,-7.70,0.60903
2006-12-18,0.00,-0.67,6.15,-7.49,0.49549
2006-12-19,0.40,-1.93,3.04,-6.90,0.44792
2006-12-20,0.20,2.28,8.81,-4.26,0.40382
2006-12-21,0.00,5.64,10.12,1.16,0.42361
2006-12-22,0.00,-0.10,6.71,-6.92,0.50417
2006-12-23,0.20,-2.71,2.99,-8.42,0.43194
2006-12-24,0.00,-2.02,4.32,-8.35,0.30313
2006-12-25,0.20,-2.80,1.65,-7.26,0.38924
2006-12-26,0.20,-3.15,0.67,-6.97,0.30104
2006-12-27,0.00,-1.19,5.97,-8.34,0.30660
2006-12-28,0.20,7.17,9.71,4.62,0.29236
2006-12-29,17.00,5.38,9.86,0.91,1.01215
2006-12-30,7.40,3.67,5.16,2.18,2.38403
2006-12-31,16.60,3.05,4.60,1.50,1.84722
2007-01-01,2.20,2.37,5.38,-0.64,1.65625
2007-01-02,0.00,7.31,10.43,4.19,0.66806
2007-01-03,1.20,5.28,7.76,2.80,0.60382
2007-01-04,0.60,5.59,7.71,3.46,0.56632
2007-01-05,0.60,5.11,6.76,3.46,0.48646
2007-01-06,0.20,4.20,6.65,1.74,0.45486
2007-01-07,6.80,4.11,6.59,1.62,0.49271
2007-01-08,1.20,4.20,9.73,-1.32,0.81354
2007-01-09,10.20,-0.46,3.14,-4.06,1.38160
2007-01-10,3.20,3.23,5.81,0.64,0.64618
2007-01-11,28.80,7.41,11.21,3.61,3.59340
2007-01-12,5.40,4.64,8.15,1.14,1.34375
2007-01-13,7.80,4.46,7.79,1.14,1.28993
2007-01-14,3.40,5.28,8.61,1.94,1.13403
2007-01-15,6.80,-0.41,4.03,-4.86,0.73472
2007-01-16,0.00,1.41,3.06,-0.24,0.64479
2007-01-17,1.60,1.26,2.58,-0.05,0.59757
2007-01-18,4.80,1.97,4.38,-0.43,0.58681
2007-01-19,6.00,0.94,4.67,-2.80,0.59931
2007-01-20,1.80,-0.19,1.90,-2.27,1.63472
2007-01-21,1.80,-1.08,0.75,-2.92,0.65208
2007-01-22,1.00,-0.14,1.87,-2.15,0.54375
2007-01-23,2.40,0.38,2.23,-1.46,0.47639
2007-01-24,0.80,-0.63,5.24,-6.50,0.51389
2007-01-25,0.20,4.32,5.77,2.87,0.46979
2007-01-26,1.00,3.55,5.80,1.31,0.85278
2007-01-27,0.40,7.65,9.57,5.73,0.63299
2007-01-28,0.60,4.06,9.43,-1.30,0.52986
2007-01-29,0.00,6.09,9.10,3.08,0.47153
2007-01-30,0.20,10.47,11.83,9.10,0.40903
2007-01-31,0.00,9.83,11.50,8.16,0.38160
2007-02-01,0.00,4.63,8.52,0.74,0.35417
2007-02-02,0.40,3.60,12.28,-5.07,0.32465
2007-02-03,0.00,0.86,7.08,-5.36,0.30417
2007-02-04,0.20,-1.49,1.25,-4.23,0.28368
2007-02-05,0.00,-1.53,2.05,-5.12,0.28993
2007-02-06,0.00,-3.78,2.74,-10.30,0.26806
2007-02-07,2.40,-1.96,0.38,-4.29,0.27778
2007-02-08,0.80,-0.11,1.69,-1.92,0.28576
2007-02-09,3.00,0.22,1.11,-0.67,0.28889
2007-02-10,3.80,1.95,3.39,0.51,0.26806
2007-02-11,26.00,0.38,3.56,-2.80,0.79097
2007-02-12,3.40,1.57,6.95,-3.81,1.59444
2007-02-13,0.20,3.43,6.71,0.15,1.06007
2007-02-14,0.20,5.02,7.20,2.84,0.87882
2007-02-15,20.20,6.12,7.51,4.73,4.54514
2007-02-16,1.40,2.22,9.57,-5.14,3.02431
2007-02-17,0.00,-0.04,6.77,-6.85,1.02049
2007-02-18,0.00,3.46,5.30,1.62,0.72292
2007-02-19,0.40,3.73,8.33,-0.87,0.66458
2007-02-20,0.80,1.48,4.45,-1.49,0.66250
2007-02-21,5.80,4.13,6.76,1.51,0.85903
2007-02-22,4.80,5.33,7.47,3.19,1.01632
2007-02-23,0.80,6.60,8.60,4.60,0.99826
2007-02-24,0.40,4.25,5.27,3.24,0.70556
2007-02-25,2.20,-0.27,4.60,-5.13,0.60313
2007-02-26,0.40,1.84,6.83,-3.15,0.56979
2007-02-27,4.60,6.04,9.44,2.64,0.79757
2007-02-28,0.40,1.92,3.83,0.01,0.89201
2007-03-01,8.60,0.15,5.62,-5.33,0.81389
2007-03-02,1.00,3.48,8.32,-1.36,0.62188
2007-03-03,0.20,0.49,6.22,-5.24,0.56875
2007-03-04,24.60,4.61,6.38,2.84,2.07986
2007-03-05,12.00,5.84,7.85,3.83,1.94653
2007-03-06,7.80,3.78,9.70,-2.14,3.95868
2007-03-07,0.00,2.65,8.28,-2.99,0.94896
2007-03-08,1.20,4.62,6.96,2.29,0.71563
2007-03-09,0.60,9.31,12.80,5.83,0.65486
2007-03-10,0.00,7.34,11.05,3.63,0.54479
2007-03-11,2.80,4.73,8.36,1.11,0.50208
2007-03-12,1.80,5.40,9.78,1.03,0.63889
2007-03-13,0.20,6.28,9.45,3.10,0.48438
2007-03-14,0.20,5.51,10.97,0.04,0.42083
2007-03-15,0.40,6.12,9.67,2.57,0.38264
2007-03-16,2.00,6.94,11.11,2.77,0.36319
2007-03-17,2.40,1.47,4.34,-1.39,0.36979
2007-03-18,2.20,-0.42,1.39,-2.23,0.49271
2007-03-19,3.00,-1.94,-0.54,-3.34,0.48125
2007-03-20,0.20,-2.05,4.36,-8.46,0.42535
2007-03-21,1.20,1.60,7.96,-4.76,0.45347
2007-03-22,0.00,0.42,8.98,-8.14,1.74965
2007-03-23,0.20,2.42,9.06,-4.22,0.74375
2007-03-24,0.00,5.45,13.05,-2.15,0.58542
2007-03-25,0.00,6.13,12.79,-0.53,0.47014
2007-03-26,0.00,4.03,13.62,-5.56,0.41944
2007-03-27,0.20,3.75,11.88,-4.39,0.38819
2007-03-28,6.80,3.44,5.19,1.70,0.37535
2007-03-29,4.40,6.24,8.63,3.86,0.81563
2007-03-30,0.00,4.68,10.13,-0.76,0.48750
2007-03-31,0.00,4.76,13.01,-3.50,0.39444
2007-04-01,0.00,1.85,8.76,-5.05,0.34306
2007-04-02,0.00,5.71,10.66,0.76,0.31076
2007-04-03,0.00,7.99,19.45,-3.47,0.30174
2007-04-04,0.00,8.60,16.80,0.40,0.27049
2007-04-05,0.00,6.13,11.85,0.40,0.24097
2007-04-06,0.00,7.80,15.64,-0.04,0.22778
2007-04-07,0.00,6.26,12.17,0.34,0.22396
2007-04-08,0.00,11.01,14.82,7.20,0.20938
2007-04-09,0.00,11.65,16.25,7.05,0.19826
2007-04-10,0.00,10.13,14.31,5.96,0.18681
2007-04-11,0.00,8.63,16.99,0.28,0.17708
2007-04-12,0.00,6.93,17.47,-3.61,0.17326
2007-04-13,0.00,11.60,21.34,1.87,0.16042
2007-04-14,0.00,12.84,21.23,4.46,0.15069
2007-04-15,0.00,6.92,13.90,-0.07,0.14479
2007-04-16,0.00,5.43,11.23,-0.36,0.13507
2007-04-17,0.80,5.88,13.13,-1.38,0.13194
2007-04-18,0.20,4.41,8.33,0.49,0.13472
2007-04-19,1.20,3.01,5.88,0.15,0.13715
2007-04-20,0.60,8.84,11.83,5.85,0.13889
2007-04-21,1.00,13.48,16.75,10.21,0.13958
2007-04-22,0.00,10.31,14.17,6.45,0.14549
2007-04-23,1.80,12.01,17.31,6.70,0.13750
2007-04-24,0.00,9.91,14.76,5.06,0.16424
2007-04-25,10.40,9.27,14.82,3.73,0.34826
2007-04-26,0.00,6.84,15.73,-2.04,0.23958
2007-04-27,0.00,5.65,16.18,-4.87,0.16181
2007-04-28,0.00,6.94,15.71,-1.82,0.13333
2007-04-29,0.00,6.83,16.51,-2.84,0.11597
2007-04-30,0.20,6.73,18.29,-4.84,0.11007
2007-05-01,0.00,7.36,18.48,-3.76,0.09792
2007-05-02,0.00,7.23,17.33,-2.87,0.09201
2007-05-03,0.20,7.25,9.19,5.32,0.08819
2007-05-04,0.00,11.41,16.49,6.34,0.08611
2007-05-05,0.20,9.15,12.00,6.30,0.08611
2007-05-06,1.80,9.03,12.78,5.27,0.08681
2007-05-07,0.20,8.76,12.47,5.05,0.08611
2007-05-08,3.00,7.75,13.04,2.47,0.08611
2007-05-09,0.60,4.47,7.50,1.44,0.08819
2007-05-10,13.00,3.87,6.31,1.42,0.26493
2007-05-11,0.80,6.48,8.66,4.30,0.20313
2007-05-12,11.40,5.88,7.64,4.12,0.49444
2007-05-13,2.40,4.59,9.93,-0.75,0.33889
2007-05-14,1.40,4.47,12.09,-3.15,0.26528
2007-05-15,0.00,5.95,11.89,0.01,0.20903
2007-05-16,0.00,10.98,16.20,5.76,0.15799
2007-05-17,0.00,9.86,13.59,6.13,0.14375
2007-05-18,3.80,8.97,12.70,5.24,0.12951
2007-05-19,6.00,7.27,14.19,0.35,0.34653
2007-05-20,0.00,6.61,15.40,-2.18,0.20868
2007-05-21,0.20,7.88,13.04,2.72,0.14167
2007-05-22,1.00,12.14,18.47,5.82,0.11563
2007-05-23,0.00,9.54,16.70,2.37,0.10764
2007-05-24,0.00,6.17,12.57,-0.23,0.09306
2007-05-25,1.20,5.53,12.86,-1.80,0.09063
2007-05-26,0.00,4.88,10.68,-0.93,0.08715
2007-05-27,0.40,5.38,9.65,1.10,0.07917
2007-05-28,1.80,6.51,8.65,4.38,0.08403
2007-05-29,13.00,7.75,9.97,5.53,0.12257
2007-05-30,22.20,9.48,16.84,2.11,1.46597
2007-05-31,0.00,9.23,18.97,-0.51,0.65382
2007-06-01,0.00,10.15,16.20,4.10,0.26319
2007-06-02,0.00,14.52,17.73,11.30,0.17917
2007-06-03,0.60,11.28,13.01,9.55,0.16076
2007-06-04,0.20,12.04,15.53,8.54,0.15625
2007-06-05,0.00,9.53,16.79,2.28,0.15382
2007-06-06,0.00,9.99,18.16,1.82,0.13160
2007-06-07,18.20,13.25,18.22,8.28,0.11632
2007-06-08,0.00,14.52,20.64,8.40,1.15174
2007-06-09,0.00,13.68,15.05,12.30,0.31181
2007-06-10,0.40,13.61,19.36,7.87,0.21771
2007-06-11,0.00,10.96,14.30,7.61,0.20243
2007-06-12,5.40,3.94,8.81,-0.93,0.16285
2007-06-13,5.40,5.06,11.88,-1.77,0.48819
2007-06-14,0.00,8.64,11.48,5.81,0.28958
2007-06-15,4.20,7.98,9.02,6.95,0.19201
2007-06-16,10.00,10.56,12.35,8.77,0.68819
2007-06-17,0.00,11.16,14.55,7.78,0.72569
2007-06-18,0.20,11.86,14.54,9.17,0.37813
2007-06-19,0.00,14.20,17.77,10.62,0.27292
2007-06-20,10.80,12.33,19.46,5.21,0.54201
2007-06-21,2.00,11.98,18.06,5.91,0.42049
2007-06-22,13.20,11.52,13.47,9.56,0.63854
2007-06-23,18.40,9.24,10.39,8.08,1.32674
2007-06-24,16.20,8.25,10.37,6.13,3.10417
2007-06-25,0.20,7.12,13.77,0.47,1.31111
2007-06-26,0.80,6.01,11.78,0.23,0.73299
2007-06-27,1.40,9.50,14.62,4.39,0.57882
2007-06-28,5.60,8.24,13.63,2.85,0.48056
2007-06-29,3.20,8.48,16.34,0.62,0.80625
2007-06-30,3.60,12.35,15.26,9.44,0.46806
2007-07-01,2.60,14.34,17.81,10.86,0.55764
2007-07-02,5.20,13.13,17.40,8.86,0.58021
2007-07-03,6.40,13.22,17.37,9.06,0.71806
2007-07-04,18.00,13.32,16.71,9.92,2.75486
2007-07-05,7.60,13.65,16.42,10.87,1.09549
2007-07-06,13.60,12.30,13.85,10.75,2.10903
2007-07-07,4.20,10.50,16.72,4.28,1.28264
2007-07-08,0.20,9.91,18.21,1.60,0.79896
2007-07-09,0.00,10.57,17.46,3.67,0.57431
2007-07-10,0.40,11.84,17.11,6.58,0.47882
2007-07-11,0.00,12.26,18.46,6.06,0.42813
2007-07-12,1.20,11.26,17.09,5.43,0.38785
2007-07-13,12.20,13.10,16.48,9.71,0.38993
2007-07-14,14.40,10.59,17.89,3.29,3.03924
2007-07-15,1.80,10.71,15.64,5.79,0.71146
2007-07-16,10.00,13.40,18.92,7.89,1.25764
2007-07-17,22.00,10.05,13.46,6.64,2.49653
2007-07-18,2.00,9.60,11.45,7.74,1.18368
2007-07-19,1.40,10.33,14.66,6.00,1.06354
2007-07-20,0.00,8.05,11.06,5.03,0.74896
2007-07-21,6.40,10.52,12.20,8.84,0.64514
2007-07-22,11.20,11.29,14.79,7.80,2.62674
2007-07-23,2.20,11.66,16.44,6.88,1.07257
2007-07-24,0.00,13.81,17.60,10.02,0.83403
2007-07-25,2.40,11.75,14.85,8.65,0.62847
2007-07-26,11.00,11.67,15.83,7.50,1.10243
2007-07-27,0.00,11.38,14.45,8.30,1.15243
2007-07-28,0.00,10.48,14.03,6.93,0.56285
2007-07-29,1.60,11.37,15.49,7.25,0.46250
2007-07-30,0.00,12.30,18.50,6.09,0.41146
2007-07-31,0.00,12.13,18.26,6.00,0.36840
2007-08-01,0.40,10.64,15.85,5.42,0.34826
2007-08-02,0.00,10.38,17.00,3.76,0.31493
2007-08-03,0.20,16.02,19.35,12.69,0.29861
2007-08-04,1.40,12.51,15.09,9.93,0.29931
2007-08-05,45.20,11.49,14.43,8.55,2.03993
2007-08-06,9.40,9.71,14.60,4.83,4.77847
2007-08-07,0.00,10.48,18.99,1.98,1.13368
2007-08-08,0.00,9.30,17.51,1.08,0.65660
2007-08-09,0.00,11.29,16.76,5.83,0.51701
2007-08-10,0.40,10.06,14.98,5.13,0.45903
2007-08-11,5.60,11.48,15.06,7.91,0.53750
2007-08-12,11.00,10.95,16.15,5.75,1.24375
2007-08-13,0.40,10.47,15.13,5.81,0.71840
2007-08-14,3.00,11.70,14.91,8.48,0.47986
2007-08-15,1.80,11.25,14.48,8.01,0.55521
2007-08-16,0.20,10.98,15.36,6.60,0.43299
2007-08-17,0.00,10.12,13.16,7.08,0.36771
2007-08-18,27.40,8.19,10.03,6.34,1.46285
2007-08-19,5.20,9.39,12.29,6.49,3.06667
2007-08-20,0.00,11.56,16.96,6.16,0.79861
2007-08-21,0.20,12.17,21.04,3.31,0.61597
2007-08-22,0.00,12.11,22.05,2.18,0.52465
2007-08-23,0.80,15.96,22.27,9.65,0.43750
2007-08-24,0.00,15.81,20.89,10.72,0.39826
2007-08-25,0.20,10.69,15.31,6.07,0.35035
2007-08-26,0.00,10.73,14.03,7.43,0.31493
2007-08-27,0.40,9.09,14.16,4.03,0.30069
2007-08-28,2.00,11.10,14.89,7.31,0.30833
2007-08-29,0.80,15.08,17.79,12.37,0.36979
2007-08-30,0.00,13.65,16.54,10.76,0.31181
2007-08-31,0.00,13.53,18.64,8.41,0.27014
2007-09-01,0.00,8.81,15.69,1.92,0.24618
2007-09-02,0.20,7.14,12.79,1.50,0.22396
2007-09-03,0.40,9.32,18.18,0.45,0.21215
2007-09-04,0.00,18.13,21.56,14.70,0.20000
2007-09-05,0.20,12.57,18.29,6.85,0.19653
2007-09-06,0.00,13.61,20.68,6.53,0.18611
2007-09-07,0.20,11.18,16.15,6.21,0.17292
2007-09-08,0.00,8.81,15.12,2.50,0.16076
2007-09-09,0.00,10.96,13.95,7.97,0.16146
2007-09-10,0.00,9.16,17.13,1.20,0.15833
2007-09-11,0.00,10.60,17.02,4.19,0.14757
2007-09-12,0.00,11.01,16.17,5.86,0.14722
2007-09-13,1.00,5.45,12.81,-1.91,0.14514
2007-09-14,0.40,6.19,15.89,-3.51,0.14063
2007-09-15,3.80,11.70,16.14,7.25,0.15451
2007-09-16,10.00,4.53,7.90,1.17,0.15451
2007-09-17,4.00,6.23,11.30,1.17,0.29097
2007-09-18,0.00,7.62,13.44,1.80,0.31563
2007-09-19,0.00,9.20,14.16,4.25,0.26771
2007-09-20,0.20,9.52,14.49,4.54,0.21076
2007-09-21,0.40,12.46,15.65,9.26,0.18090
2007-09-22,0.00,12.77,16.71,8.83,0.16250
2007-09-23,0.20,8.80,13.28,4.33,0.15139
2007-09-24,6.60,6.09,9.13,3.05,0.14201
2007-09-25,1.60,4.80,7.27,2.33,0.16458
2007-09-26,3.80,4.97,7.83,2.10,0.29236
2007-09-27,0.20,6.39,8.72,4.05,0.29653
2007-09-28,0.40,8.72,11.72,5.73,0.24688
2007-09-29,2.20,6.78,11.83,1.72,0.20590
